{"cameraMode":{"drawMode":0,"name":"Shaded","section":"Shading Mode"},"sceneLighting":false,"audioPlay":false,"sceneViewState":{"m_AlwaysRefresh":false,"showFog":true,"showSkybox":true,"showFlares":true,"showImageEffects":true,"showParticleSystems":true,"showVisualEffectGraphs":true,"m_FxEnabled":true},"in2DMode":false,"pivot":{"x":-0.01949186623096466,"y":1.8301821947097779,"z":-0.011618085205554963},"rotation":{"x":0.015115526504814625,"y":0.8163241744041443,"z":0.021384786814451219,"w":-0.577007532119751},"size":0.12247450649738312,"orthographic":false}